{"cameraMode":{"drawMode":0,"name":"Shaded","section":"Shading Mode"},"sceneLighting":true,"audioPlay":false,"sceneViewState":{"m_AlwaysRefresh":false,"showFog":true,"showSkybox":true,"showFlares":true,"showImageEffects":true,"showParticleSystems":true,"showVisualEffectGraphs":true,"m_FxEnabled":true},"in2DMode":false,"pivot":{"x":4.024215221405029,"y":7.085772514343262,"z":-20.211536407470704},"rotation":{"x":-0.030985020101070405,"y":0.1217658519744873,"z":-0.003811831818893552,"w":-0.9924421906471252},"size":0.28161972761154177,"orthographic":false}