{"cameraMode":{"drawMode":0,"name":"Shaded","section":"Shading Mode"},"sceneLighting":true,"audioPlay":false,"sceneViewState":{"m_AlwaysRefresh":false,"showFog":true,"showSkybox":true,"showFlares":true,"showImageEffects":true,"showParticleSystems":true,"showVisualEffectGraphs":true,"m_FxEnabled":true},"in2DMode":false,"pivot":{"x":0.71517413854599,"y":21.344701766967775,"z":-10.47228717803955},"rotation":{"x":-0.6330239772796631,"y":-0.009913815185427666,"z":0.00828747171908617,"w":-0.7745175361633301},"size":0.18281911313533784,"orthographic":false}